A_chan.gif	6
a_way_out.gif	5
Ame_Birthday_2022.gif	30
ameJAM.gif	11
among_us.gif	6
apex.gif	3
axeson.gif	9
baseball.gif	12
battle_for_pekora.gif	6
battleblock.gif	8
bee.gif	5
birbday.gif	10
bird.gif	7
birth.gif	12
boating.gif	5
bomb_defusal.gif	5
bongo.gif	7
bonk.gif	7
books.gif	13
Brosemi.gif	10
bubba.gif	4
bubble_blower.gif	9
butter_dog.gif	8
cake.gif	9
cake1.gif	8
cake2.gif	13
calliop3.gif	23
camera.gif	7
cantaloupe.gif	18
cash.gif	5
celebration.gif	12
christmas.gif	8
Coco.gif	8
confession.gif	7
consume_noodles.gif	7
controller_smash.gif	9
cooking_simulator.gif	14
crunchy_marshmallow.gif	19
cyclone.gif	9
dance.gif	8
dance1.gif	8
delicious_tears.gif	8
denied.gif	10
Doritos.gif	6
drinking_party.gif	12
driving.gif	10
eat.gif	4
EliraGotCake2021.gif	13
example.gif	3
fast.gif	7
fightstick.gif	6
fitness_shark.gif	6
gold_mining.gif	6
gravity_gun.gif	12
ground_pound.gif	29
haachama_noodles.gif	6
hammer.gif	9
holobirds.gif	6
I_m_walkin_here.gif	8
interrupted_by_bird.gif	6
jump_rope.gif	9
jumping.gif	12
karaoke.gif	12
kecha.gif	8
kick_the_baby.gif	8
Koragi_Birthday_2022.gif	15
LazuLight_1_year.gif	6
long_jump.gif	25
manager_summoning_ritual.gif	5
marinara_sauce.gif	3
mascot.gif	7
minecraft_rap.gif	8
mixing.gif	6
mythiversary.gif	3
paindora.gif	7
party.gif	9
PetraBday2021.gif	8
phogs.gif	8
pizza.gif	15
plug_play.gif	8
pogo.gif	11
polkatsu.gif	6
pomu.gif	6
pomuJAM.gif	11
popcorn.gif	11
portal.gif	16
PPBirthday2021.gif	6
rap.gif	7
reading.gif	11
recorder.gif	8
rhythm_gaming.gif	6
roki.gif	6
rolling.gif	19
rotation.gif	24
rubber_chickens.gif	5
sand.gif	7
SelenBday2021.gif	7
shark_rap.gif	7
she_appears.gif	97
skate.gif	16
skipping_class.gif	6
skydiving_pals.gif	5
snek.gif	6
spicy_noodles.gif	16
spin.gif	12
splash.gif	7
supermarket.gif	4
sword.gif	10
taiko_shark.gif	8
tako_drawing.gif	7
tap_tap.gif	9
this_is_true.gif	48
toilet_rap.gif	8
twelve_of_them.gif	22
ukulele_practice.gif	6
Unravel.gif	8
vacuum.gif	5
violet.gif	8
wake.gif	69
watson_parade.gif	8
wide.gif	55
windows.gif	14
zoomer.gif	6